,recon_mse_mean,recon_mse_p90,silhouette,calinski_harabasz,davies_bouldin
AE,0.4478448863645076,0.3775659905279702,0.4038380980491638,3288.6684070469305,0.9060536514265954
PCA,0.5731864273634582,0.26966782134895356,0.19713092996356277,601.8398920269378,1.2474386067527607
