pc,explained_var_ratio,cum_explained_var_ratio
PC1,0.07652205324905376,0.07652205324905376
PC2,0.0684174309243769,0.14493948417343067
PC3,0.05839092742713497,0.20333041160056564
PC4,0.052213380923620996,0.25554379252418663
PC5,0.04629403553337915,0.30183782805756576
PC6,0.04367076893328086,0.34550859699084663
PC7,0.04218730013387506,0.3876958971247217
PC8,0.03911767551182016,0.42681357263654185
